-- phpMyAdmin SQL Dump
-- version 4.5.4.1deb2ubuntu2
-- http://www.phpmyadmin.net
--
-- Host: localhost
-- Generation Time: Nov 09, 2016 at 08:54 PM
-- Server version: 5.6.32-1+deb.sury.org~xenial+0.1
-- PHP Version: 7.0.11-2+deb.sury.org~xenial+2

SET SQL_MODE = "NO_AUTO_VALUE_ON_ZERO";
SET time_zone = "+00:00";


/*!40101 SET @OLD_CHARACTER_SET_CLIENT=@@CHARACTER_SET_CLIENT */;
/*!40101 SET @OLD_CHARACTER_SET_RESULTS=@@CHARACTER_SET_RESULTS */;
/*!40101 SET @OLD_COLLATION_CONNECTION=@@COLLATION_CONNECTION */;
/*!40101 SET NAMES utf8mb4 */;

--
-- Database: `mobile_firmware`
--

-- --------------------------------------------------------

--
-- Table structure for table `groups`
--

CREATE TABLE `groups` (
  `id` int(10) UNSIGNED NOT NULL,
  `name` varchar(255) COLLATE utf8_unicode_ci NOT NULL,
  `permissions` text COLLATE utf8_unicode_ci,
  `protected` tinyint(1) NOT NULL DEFAULT '0',
  `created_at` timestamp NULL DEFAULT NULL,
  `updated_at` timestamp NULL DEFAULT NULL
) ENGINE=InnoDB DEFAULT CHARSET=utf8 COLLATE=utf8_unicode_ci;

--
-- Dumping data for table `groups`
--

INSERT INTO `groups` (`id`, `name`, `permissions`, `protected`, `created_at`, `updated_at`) VALUES
(1, 'superadmin', '{"_superadmin":1}', 0, '2016-11-07 08:09:39', '2016-11-09 08:31:53'),
(2, 'admin', '{"_superadmin":1}', 0, '2016-11-07 08:09:39', '2016-11-09 08:32:23'),
(3, 'editor', '{"_tool-editor":1,"_driver-editor":1,"_firmware-editor":1,"_tutorial-editor":1,"_profile-editor":1}', 0, '2016-11-07 08:09:39', '2016-11-09 08:46:56'),
(4, 'manager', NULL, 0, '2016-11-09 08:20:09', '2016-11-09 08:22:03'),
(5, 'diamon', NULL, 0, '2016-11-09 08:24:51', '2016-11-09 08:24:51'),
(6, 'golden', NULL, 0, '2016-11-09 08:25:00', '2016-11-09 08:26:45'),
(7, 'sliver', NULL, 0, '2016-11-09 08:25:27', '2016-11-09 08:26:52'),
(8, 'beginner', NULL, 0, '2016-11-09 08:25:47', '2016-11-09 08:25:47'),
(9, 'register', NULL, 0, '2016-11-09 08:26:03', '2016-11-09 08:26:03'),
(10, 'banned', NULL, 0, '2016-11-09 08:26:14', '2016-11-09 08:26:14');

-- --------------------------------------------------------

--
-- Table structure for table `migrations`
--

CREATE TABLE `migrations` (
  `id` int(10) UNSIGNED NOT NULL,
  `migration` varchar(255) COLLATE utf8_unicode_ci NOT NULL,
  `batch` int(11) NOT NULL
) ENGINE=InnoDB DEFAULT CHARSET=utf8 COLLATE=utf8_unicode_ci;

--
-- Dumping data for table `migrations`
--

INSERT INTO `migrations` (`id`, `migration`, `batch`) VALUES
(1, '2012_12_06_225988_migration_cartalyst_sentry_install_throttle', 1),
(2, '2014_02_19_095545_create_users_table', 1),
(3, '2014_02_19_095623_create_user_groups_table', 1),
(4, '2014_02_19_095637_create_groups_table', 1),
(5, '2014_02_19_160516_create_permission_table', 1),
(6, '2014_02_26_165011_create_user_profile_table', 1),
(7, '2014_05_06_122145_create_profile_field_types', 1),
(8, '2014_05_06_122155_create_profile_field', 1),
(9, '2014_10_12_100000_create_password_resets_table', 1),
(10, '2015_08_04_130507_create_article_tag_table', 2),
(11, '2015_08_04_130520_create_articles_table', 2),
(12, '2015_08_04_130551_create_categories_table', 2),
(13, '2015_08_04_131626_create_tags_table', 2),
(14, '2016_05_25_121918_create_pages_table', 2),
(15, '2016_07_24_060017_add_slug_to_categories_table', 2),
(16, '2016_07_24_060101_add_slug_to_tags_table', 2);

-- --------------------------------------------------------

--
-- Table structure for table `password_resets`
--

CREATE TABLE `password_resets` (
  `email` varchar(255) COLLATE utf8_unicode_ci NOT NULL,
  `token` varchar(255) COLLATE utf8_unicode_ci NOT NULL,
  `created_at` timestamp NULL DEFAULT NULL
) ENGINE=InnoDB DEFAULT CHARSET=utf8 COLLATE=utf8_unicode_ci;

-- --------------------------------------------------------

--
-- Table structure for table `permission`
--

CREATE TABLE `permission` (
  `id` int(10) UNSIGNED NOT NULL,
  `description` varchar(255) COLLATE utf8_unicode_ci NOT NULL,
  `permission` varchar(255) COLLATE utf8_unicode_ci NOT NULL,
  `protected` tinyint(1) NOT NULL DEFAULT '0',
  `created_at` timestamp NULL DEFAULT NULL,
  `updated_at` timestamp NULL DEFAULT NULL
) ENGINE=InnoDB DEFAULT CHARSET=utf8 COLLATE=utf8_unicode_ci;

--
-- Dumping data for table `permission`
--

INSERT INTO `permission` (`id`, `description`, `permission`, `protected`, `created_at`, `updated_at`) VALUES
(1, 'superadmin', '_superadmin', 0, '2016-11-07 08:09:39', '2016-11-07 08:09:39'),
(2, 'user editor', '_user-editor', 0, '2016-11-07 08:09:39', '2016-11-07 08:09:39'),
(3, 'group editor', '_group-editor', 0, '2016-11-07 08:09:39', '2016-11-07 08:09:39'),
(4, 'permission editor', '_permission-editor', 0, '2016-11-07 08:09:39', '2016-11-07 08:09:39'),
(5, 'profile type editor', '_profile-editor', 0, '2016-11-07 08:09:39', '2016-11-07 08:09:39'),
(6, 'tutorials editor', '_tutorial-editor', 0, '2016-11-07 08:10:12', '2016-11-07 08:10:12'),
(7, 'firmware editor', '_firmware-editor', 0, '2016-11-07 08:10:12', '2016-11-07 08:10:12'),
(8, 'driver editor', '_driver-editor', 0, '2016-11-07 08:10:12', '2016-11-07 08:10:12'),
(9, 'tool editor', '_tool-editor', 0, '2016-11-09 08:36:05', '2016-11-09 08:36:05');

-- --------------------------------------------------------

--
-- Table structure for table `profile_field`
--

CREATE TABLE `profile_field` (
  `id` int(10) UNSIGNED NOT NULL,
  `profile_id` int(10) UNSIGNED NOT NULL,
  `profile_field_type_id` int(10) UNSIGNED NOT NULL,
  `value` varchar(255) COLLATE utf8_unicode_ci NOT NULL,
  `created_at` timestamp NULL DEFAULT NULL,
  `updated_at` timestamp NULL DEFAULT NULL
) ENGINE=InnoDB DEFAULT CHARSET=utf8 COLLATE=utf8_unicode_ci;

-- --------------------------------------------------------

--
-- Table structure for table `profile_field_type`
--

CREATE TABLE `profile_field_type` (
  `id` int(10) UNSIGNED NOT NULL,
  `description` varchar(255) COLLATE utf8_unicode_ci NOT NULL,
  `created_at` timestamp NULL DEFAULT NULL,
  `updated_at` timestamp NULL DEFAULT NULL
) ENGINE=InnoDB DEFAULT CHARSET=utf8 COLLATE=utf8_unicode_ci;

-- --------------------------------------------------------

--
-- Table structure for table `throttle`
--

CREATE TABLE `throttle` (
  `id` int(10) UNSIGNED NOT NULL,
  `user_id` int(10) UNSIGNED DEFAULT NULL,
  `ip_address` varchar(255) COLLATE utf8_unicode_ci DEFAULT NULL,
  `attempts` int(11) NOT NULL DEFAULT '0',
  `suspended` tinyint(1) NOT NULL DEFAULT '0',
  `banned` tinyint(1) NOT NULL DEFAULT '0',
  `last_attempt_at` timestamp NULL DEFAULT NULL,
  `suspended_at` timestamp NULL DEFAULT NULL,
  `banned_at` timestamp NULL DEFAULT NULL
) ENGINE=InnoDB DEFAULT CHARSET=utf8 COLLATE=utf8_unicode_ci;

--
-- Dumping data for table `throttle`
--

INSERT INTO `throttle` (`id`, `user_id`, `ip_address`, `attempts`, `suspended`, `banned`, `last_attempt_at`, `suspended_at`, `banned_at`) VALUES
(1, 1, '127.0.0.1', 0, 0, 0, NULL, NULL, NULL),
(2, 2, '127.0.0.1', 0, 0, 0, NULL, NULL, NULL),
(3, 3, '127.0.0.1', 0, 0, 0, NULL, NULL, NULL);

-- --------------------------------------------------------

--
-- Table structure for table `users`
--

CREATE TABLE `users` (
  `id` int(10) UNSIGNED NOT NULL,
  `email` varchar(255) COLLATE utf8_unicode_ci NOT NULL,
  `password` varchar(255) COLLATE utf8_unicode_ci NOT NULL,
  `permissions` text COLLATE utf8_unicode_ci,
  `activated` tinyint(1) NOT NULL DEFAULT '0',
  `banned` tinyint(1) NOT NULL DEFAULT '0',
  `activation_code` varchar(255) COLLATE utf8_unicode_ci DEFAULT NULL,
  `activated_at` timestamp NULL DEFAULT NULL,
  `last_login` timestamp NULL DEFAULT NULL,
  `persist_code` varchar(255) COLLATE utf8_unicode_ci DEFAULT NULL,
  `reset_password_code` varchar(255) COLLATE utf8_unicode_ci DEFAULT NULL,
  `protected` tinyint(1) NOT NULL DEFAULT '0',
  `created_at` timestamp NULL DEFAULT NULL,
  `updated_at` timestamp NULL DEFAULT NULL
) ENGINE=InnoDB DEFAULT CHARSET=utf8 COLLATE=utf8_unicode_ci;

--
-- Dumping data for table `users`
--

INSERT INTO `users` (`id`, `email`, `password`, `permissions`, `activated`, `banned`, `activation_code`, `activated_at`, `last_login`, `persist_code`, `reset_password_code`, `protected`, `created_at`, `updated_at`) VALUES
(1, 'admin@admin.com', '$2y$10$cUX9XqwMVOiLu1bYG1i6r.yLQcm2imTS4Rk5MYVr0EAvrCFFFPd9y', NULL, 1, 0, NULL, NULL, '2016-11-09 08:49:23', '$2y$10$qOZvGyL2e59k05A6ly787e0g5HiC7vGy0fZk45b99N/CEdZcmxWKi', NULL, 0, '2016-11-07 08:09:39', '2016-11-09 08:49:23'),
(2, 'anwar@gmail.com', '$2y$10$1rAvLLh1lsZZLWeHP7jERuGmImtZAo.khs.7Mssepx6ARJzZgys1i', '', 1, 0, NULL, NULL, '2016-11-09 08:12:46', '$2y$10$7XlUMS91DtxzD4hj8H5HjOYN9zl7LqjJbUR.AzWCAU4bc6CDn3.ie', NULL, 0, '2016-11-07 08:13:41', '2016-11-09 08:45:45'),
(3, 'user@gmail.com', '$2y$10$AWt8auh7RooR44l5EFTryOSg0M0VOJWQmV/xOTUHE0oxlEGVMy3ze', NULL, 1, 0, NULL, NULL, '2016-11-09 08:47:59', '$2y$10$T.bOvecobussiCZHRuZa0efz5hYet3uGrqCGD5kxZUCBOBsMJkJve', NULL, 0, '2016-11-09 08:47:33', '2016-11-09 08:47:59');

-- --------------------------------------------------------

--
-- Table structure for table `users_groups`
--

CREATE TABLE `users_groups` (
  `user_id` int(10) UNSIGNED NOT NULL,
  `group_id` int(10) UNSIGNED NOT NULL
) ENGINE=InnoDB DEFAULT CHARSET=utf8 COLLATE=utf8_unicode_ci;

--
-- Dumping data for table `users_groups`
--

INSERT INTO `users_groups` (`user_id`, `group_id`) VALUES
(1, 1),
(2, 3),
(3, 9);

-- --------------------------------------------------------

--
-- Table structure for table `user_profile`
--

CREATE TABLE `user_profile` (
  `id` int(10) UNSIGNED NOT NULL,
  `user_id` int(10) UNSIGNED NOT NULL,
  `code` varchar(25) COLLATE utf8_unicode_ci DEFAULT NULL,
  `vat` varchar(20) COLLATE utf8_unicode_ci DEFAULT NULL,
  `first_name` varchar(50) COLLATE utf8_unicode_ci DEFAULT NULL,
  `last_name` varchar(50) COLLATE utf8_unicode_ci DEFAULT NULL,
  `phone` varchar(20) COLLATE utf8_unicode_ci DEFAULT NULL,
  `state` varchar(20) COLLATE utf8_unicode_ci DEFAULT NULL,
  `city` varchar(50) COLLATE utf8_unicode_ci DEFAULT NULL,
  `country` varchar(50) COLLATE utf8_unicode_ci DEFAULT NULL,
  `zip` varchar(20) COLLATE utf8_unicode_ci DEFAULT NULL,
  `address` varchar(100) COLLATE utf8_unicode_ci DEFAULT NULL,
  `avatar` blob,
  `created_at` timestamp NULL DEFAULT NULL,
  `updated_at` timestamp NULL DEFAULT NULL
) ENGINE=InnoDB DEFAULT CHARSET=utf8 COLLATE=utf8_unicode_ci;

--
-- Dumping data for table `user_profile`
--

INSERT INTO `user_profile` (`id`, `user_id`, `code`, `vat`, `first_name`, `last_name`, `phone`, `state`, `city`, `country`, `zip`, `address`, `avatar`, `created_at`, `updated_at`) VALUES
(1, 1, '', NULL, 'Anwar', '', '', '', '', '', '', '', 0xffd8ffe000104a46494600010101006000600000fffe003b43524541544f523a2067642d6a7065672076312e3020287573696e6720494a47204a50454720763830292c207175616c697479203d2039300affdb0043000302020302020303030304030304050805050404050a070706080c0a0c0c0b0a0b0b0d0e12100d0e110e0b0b1016101113141515150c0f171816141812141514ffdb00430103040405040509050509140d0b0d1414141414141414141414141414141414141414141414141414141414141414141414141414141414141414141414141414ffc000110800aa00aa03011100021101031101ffc4001f0000010501010101010100000000000000000102030405060708090a0bffc400b5100002010303020403050504040000017d01020300041105122131410613516107227114328191a1082342b1c11552d1f02433627282090a161718191a25262728292a3435363738393a434445464748494a535455565758595a636465666768696a737475767778797a838485868788898a92939495969798999aa2a3a4a5a6a7a8a9aab2b3b4b5b6b7b8b9bac2c3c4c5c6c7c8c9cad2d3d4d5d6d7d8d9dae1e2e3e4e5e6e7e8e9eaf1f2f3f4f5f6f7f8f9faffc4001f0100030101010101010101010000000000000102030405060708090a0bffc400b51100020102040403040705040400010277000102031104052131061241510761711322328108144291a1b1c109233352f0156272d10a162434e125f11718191a262728292a35363738393a434445464748494a535455565758595a636465666768696a737475767778797a82838485868788898a92939495969798999aa2a3a4a5a6a7a8a9aab2b3b4b5b6b7b8b9bac2c3c4c5c6c7c8c9cad2d3d4d5d6d7d8d9dae2e3e4e5e6e7e8e9eaf2f3f4f5f6f7f8f9faffda000c03010002110311003f00d5f13eb3e3cf8ed2da6b7fdbbe18bbbc6b41a45d68f7291dbcb6fb9c0dc913333be5ca10f18eacc36802bf3ea953fb423ed92ba5d9eabe428c615a2e491e4965a6cbe0fb31712586b9f6fb7b9961bfbab1184b360e004b79a3ca97284e778c738c1ea7960a1560abe1e6d4badd7e0611a2affba572bebfa3ae9906977f7be24b4d7adaf61fb45ad85bdfb3dedabbc6046b2b14011d780c39c6d238f94d704272a7565074fde497bdd3be9e8734e8fb39ddeaca5e1cb9b29af104a1d2dc958a7f3d32c922ae49c2677286ce01ebd0fa9caa4272f754ad72395b7a1eb969f0eadbc637fe0cbc6f0d258e9f790b5ac96d629206771b98ce559977125d311872488f8ea00df0ae0a0a0deab4bebbfebf23ae8d2755da5b23d3341f8377fa1f8a21f1bcf3e9cd636109887f66d86eb7f2c70d1797956898283bb790f9e0f5e3c6cd2a56c2c1d3e57697da5b7dfd3d0d274a51972a5ee9dfde7c40d12c74533e9f7d716b6377246b2dbb46f196c9daacabd6450c09e33c03d715f194566308d4a4d35192bfa99f2a69f22b1e4bf0bf4aba7f8d2759d3aca2d46c05c3ab24c440933630542b720f23000dc38c0cd7d0e066e972d2a9072bfd9ee670a6fda58ec7e2e6b9e20d37c4b67a6e8170fa15e5f46be7d95cc311022ddf75a46ced04e000305b00f0702b8e9e0695394a5c8ec9ded2e9f7ef637bf236a31d59e85a52c2de18b2d22cc2b6a9bcc16ed6173c5ec9b7251e4491191762921998918c727686efc053c262a53c3cd25cbb3b593bf46f4f91d5177568e87cd7f1f3e04cde1a9b47bcd2163d49efa36b7b8f223022b4963dbbd0efcb0c653e76218824b1e6bdd8519d1fddbf856df23cfc449c55f6393d174dd5352f10d96afac6bf71ad6a7702586791a6799802808766233b48e381d7af519d6b61a3528ca314bf5bf9985e5555d9e93e1bb8f14e8bacdfc1a3ced75a5e9c03ebda74970890a223381bb2461c8f31557a92548e4023ccc2e0dd48caa4a1b77d17ccedc2d49d2ba6b43cabc6dfb405fdf5edc343693e9d1093ceb5b6fb4397b6603042484ee0392793dc1f5af423805887cd24ade5d853af29cbf767ae7c0ff8a57f7fe24f15ea5ab7c438741d5ef2d5192d2f2508b73f2fddc91b5368030c00621b82a6b7a14271a757ead351bab6ab7ff231a339b9b94d9d7eb1e39bfb2d1d7c526ef4cd5afb5e492c2d2c6eedd66596049079922a0f986712291c64364161923ccca702b2fa12ab512bcdbdecf4bee6f52b497bc9e86978d7e2fc117c34f074ba36a9a46afe24d65c9b6b39a184ad9dcb328741185c22a6792e49033b4e071ede2b09ed3d94e95979fab2e5514a09347ca5e27f18f8af46f11de5a48fa75bcfa76fb7bcbad3f6299d1b0180650032fcaa32a30739e724d52a7084f9b9b57a6fa1c552a5a3c8a362c6afaa5cdd6876ba8247656eda96e758e1604c68490dc8f9b3f7bb67a726b374953f717adce3bb4ee79e3db5b78866b0818c4b7334c902c221c395f95776e3c73863eb9cfad75de54d5afb2b8369ea7b37ecff00e05fed38ef214d66782c34bba5536be49612c926e5601ce510607cdbc6318c839e3ccc4ca13716e5acbb69736a566d5cf5693e06adebb5c25ef8b5d252640d68ff00b920f394c281b7d300718e2bcd966d522dc52d8f77d9afe75f79a7a2fc147b6f1d788f46bef0acfaa5adedacf3d9f99722048d37a9326eda493ba58d720165d80720301f5182c2c28d26b111b24ae9dedf7f73cfa345e8d9634af0cddfc25d1ee6d6d350f14785b509a206dcc3709259c936cc159630a77312b9f315778529d3193f2ffda55b0552d425a3d5a7f8b475c64a937191ce2f836e221717ff000d6dda26be47d57ed7786392ee291976bc45a404ae3f7a3706193b864e2b2fed2ad8493ab5b5b6ced7ba7e44cf994dca0b73ceb41f03e9d2f889a5b3d1e2b0bdf3cc775a74f31458250b1aa49b9405009690807860841c83cd4b3274a6ab6f07b2ebf33962e4ea395b73e98b7bdd1b46f03ded95fd8bebd7de49bad4ef240967a6ae5f72aa6c2c5402d81b149e080002457156cc296269378683539fc5d12ed64bafe27449a4b9ba9c7788bc63e1cd7f458e692fee2c242914d2b585cc975349021058b98995782182891f2304951d2bab0783ab4aa73e2312d464968d5eefbd8e88cb9609d476f238af1d5c6a7add92ebda1eb37179e1bb248c1fb45b40b731c80ec198e1645de3390cdc91dcf7f46b62f0356bfb2a97ba4ada5afe967664569c2514ec721e0ad6b5dd07c432ea7a549a65f4b76d15c2a5dc3247b265c36f1c821d48f98ae55b2724835df1a504d4a84399793d7ee67229d35796e751f107c6de2bf1ff0089348d73c433e91737565325b4566905c2acb1a3348d236148c63a8425bfd90453c7c3eb5cb2c5369bd2d7d57e1f90dd5a7522a573b2d2ad1748f86b67f157c3da82bdddb46f6faae892447c992632aee74538558f6a211f213855c9dc091c1154a95351a5052a77e569bd6fbdc752ac69c39933c3f5af883abf8f75bbc4be9e285f5090dc79310291c785e768c9e4aaf539e075aeaa09ca5c907cb0ec78f5310eabd4fa1bc1fab681e195f0cea7ace97a04b2eb31cab3c5690cdf6bf2e2675dec55f6a93b48c800e46ddb8fbba6228c70ee35e494f9b75aedf2d8f4684a31493b6a77ba9e91e04d63c0dac45e0c86e748b39811aada5b5bfd9e687ccce243b976965e4f738ee3ad799982c25a35b0f27c8f74fa7de763b3d4f00f8bff00b2a5b5de8375a9783669ae55504274d95828dc241b9d5db1b94f0c0939c773d2bcac1e71570959d0c52f77a3ee8ca31a6a69ad0f1f7b79bc2ba5bdaea7a5c235ed3925bb69999a4720b22e33928c011db8c3b139dc2be83eb0ebb4e93b4199e2937a44e7b55d56f3c41a1dc6a933c9697313c8af24970df749c045ddf77ef1273d79c60575d1c24617a91f84f2e52b3b23d0bf650f0df8a3c43e26b8f126812e99a769de1c632cbaa6a408f33cd52ad086032c5937719e323b919c3178995171852f8a57b2d96de67a386a6eaabb7648ecfe20f8dfc0fa85fdf69d1de413dc081eca1b94b08ee62dc5b25e47383bf19c32e7aa8ddc1af0b0d83c4ce3fbf9ebd12d36e874549479ed48f198aea0b8bc8349b11697535b99bcdd455585bbc2773bcac8c17600320f1920f72467de82e5c3f3bba6f46b7679d38a8b51dce4ec459b6ae91c72ac80c8b1417f2279688189da594162adc1e06ee4f7c57ab4e09ab4b4f53170e67e47d85f07742f0f78434ad4f43bdbfb0b99fc436c757d3ed9a721ed1e3898b89d99178e15490704e700f51c938e1ead0952e74daeaba1d34e0b97963ab3cde2f1bea504491c566f2c48a151d65914301d0819e3e95dd4b0f43d9c6eafa2ec75fd626b4b1e9de0bfda827f0bc6c7c63e1fd4b32c6d02ebb76cc5a3491b246f0a40dc5370039c83c9ea3c6af88a959ce3cea6dad13d1dbe7d8e884a6eee3aa3cd7e26fc76d51a5b67b4f143eb914b2a5c19022a104670a38dd9e4127804f6200af028e50e751e2315149bf3dfee38ea3a917ccdd89d7e246bfae78a9f55d5af749d17fb71a145b68ed1eea50ae36092281400c098d3772723070dd0fa30586c429508439adf249f65637a75d4fdd94ae6ff0089f486f0f7806d7c5306a3e1cf11d9cd32d9309048f76cc7729da60b8e482ccbb3272a38e302bb55187228e220acf6d5bfd4a8d450f7651456bdb4f0f59e976cbae5fea7af588b78aeacf4b8248d23863741c98c1d980401b8824fcbcd7c956a58b957786c3c634eefe27fa6e55597b38ebf81c2683e3db34f1a5ec76be1d820d3f529da192d2f55985ac20e5d976631b53764e0f53819af5e9e532a787e4c454bcd75ee79aab2ba71d8f509f4f5d32daeee5e3bad2ec352492feee5b791952e41ddb5562e114315c0dcacc38c1e057ccfb6aaebc68c35e5d932e7393d1e899c9784f56d2355d2ee22d4d376953ec79678e35792c88f999d57aee046303048cfad7b989ab887254a95e334eebb339a94a2a566cea35ff8dba3fc23f08e9c9732a6a7a4163796d2cf3f97717913cce48605495e6361900e54ae76e6bed68626a4a30a5569f34f4775b799d5568b938ca2fdd7b9e4dfb41fedff00e0ef17437361e0cf05c5696f78882f6eef30b24810ee1b15080a79604f3915ead6ca28577cd18f2b7d8e89d08545a9f325cfed0924d7ef2d85aad8124ec9981664c8c7ae31c9e2b6a59453859ee650c34206cffc350f8826b985ed4dba5d4186170b182a5c7218061ea3241c8aea96029495a6b42e187a71973247a3fc3cfdbabc6f6baf5a49ab5c41aa5b9510cf14d185591177055cae0e06f6e3a73d3b57958ac8b09898b8b4d69d19bf2c547951f735ff00c69d1353f879a2f883c3173a5a2bda18f51b19a38e67b6dcea98db907692c7009e4738af91cc7257878c3927eea5d57f905a3192496a62f8dbf678d07c5b25e5aaf8aafb4dd6753606d25913c9d3e78b036451a03c0dbb7a9dc72580208af92fed0a996625612a7c2b66fadfa9a4a9c5ab437fb8f933e23f80356f07eb70f867c666e34d36f2b98bca80c892c25f3e68704efc927191d768ee71f6b4f1329d152c3abe9dcf2ead39538dada9a5a0f8e2ebc3ba1de5a5be9cf1e9d79bd74f9672d6f2b82b1f952950db1885443f2a77273deb5a745d7e45592baddf67e4439d5845476396b5b2ba8ed358d534ed4e5d2ad2d17ec773344b312c24063663b548543c824904f99800f38eee48463ef2ba7f78a0e6939c5d99cdf85efafefaf2c238ee6348ae41b03757a82458d5d88761b958ae15892541dbc9ef55529d269c67a7522329291d5e8de1b87c5de29b8b7d1629ac74bb372c93c5f2cacf9261da9f3b6ec9190a49e07a73cb56aaa304eb6adec8d23cade88d63e188fc15e254bcd1356589aded93e4919a59e79581daaa1509c12b96ce00c907df07539a0d4a36f4d9174d59f323d9f49d220bdd2acee17e1d59c8b2c292079041b981507277739faf35cea8d76aea2adf33375ea7737fe2a787747f016a56de26b59ef6dee2e3c99ec6d2200a485f070e4e4e003861839fc6be3b13094aaaa3a35257f931a518abb3c2bf684b7d18ddf87becbe1ad57c2bab7d923b8d55a60a56e2463b9a54fbb9cee38030a40006315f6985c4e1a54634687d956d5df5ee5d75ac612564687c26d3668bc51a5788b55bfb0d2b11b082e351bc02678a5b63144b1c449385dc0861d0118395384eacf2fd68c537afe25d35083db63ccdbc41a97863c54f269b33db4f6cfbb11b8704672037661d38e86a217ab4ef25b9c32a938b7cbb1d1fc38bed4bc71e31b38ed944ba8b6f45b29d9b1708db9a5806e27e6932ecb8fe338032cb5daf0ab1143d8ad64b55ff0000f468ce55972c9ea6f42faaf84f57bcd0efafa46d3c4d1a1b5bf04ceb9c9f28cac81c282395076eec7dec66b8e519555cb2566d6b7567726b52947747b4fc2bf066b5f19ed356f8753788a6d3ede009756f7850c9e46d2018d54b0f9586080ac31b4e4006b0c0e5952b63213859492d5bfd0b853538dba177e24fc12f853fb39fc38f105bf8cbc6d3dfebf2859ad12d54c327006d568958e7241e58e003903d7ebabe5f4a376e5cd57a2ff305469c3ddea7e5a7c41f17dcf8975b9e6f39fc80c5628837ca8bd80afa0c250f654d26b5ea6d1ba5cab639025bae6bd04ac5162c937cc031183c734c65f8ee61d3a560bfbd1d987f2a96ae3d82d2f15143efe73ce7b5438b03da7e0cf8fbc43f6f1a369722dcade7eee48279d2389d3ae097200fcc571d6a31a91719ad0ab27b9f537897e316a9a0786ec2e84f1ddcb3da7d89f4abbc3a81130da1883e85823a10401b7a673f9f6639151c4c94b9ae9e9e6add8e6a8a6bdebe871de29f8d97bf1534cb2d3b55b596f22d29fed3633b38fb45aa841e645bb1fbd4cae467183df048ad70195cb029724aea29e9d0c9625b4a123cfb579259b5b9ae6c6e6e92091022c934c49899c30db9e8818f998049e0753826bd6a6a5385e4b5f239a55655a5746f5ff8afc4717802cb42bfbe4bcd16522f16ddedd43ac9d149971bdcedc0e49001007418c238c539ca92495bef34a953dc518f53878aeb50b79a784db9896eecc2c4402c550b67727b1c11cf727d2baaa50854b49eb677395dd2b33df7e05ebfe0ff0007fc3cf14dc6af0db5d7882e6065d365911256371b9480a1b9e3200c03f789f7af1b31a7ed9b8b4f6d2db2d756dfa1b5094526e5b9e8be1ef8463e27432bc779a66b7af4d6c9a8dc59d8d83f988a1be4843f9de546d953b95b631e704f04f4e5d974edc90d6295ef7beaceb8d3e78da2ce4b5cf807e2e835ad423486ce244b8915505dc40280c78c6e3fccd7a9f54acb4e6fc41504ba927c45f89b2f8bbc51a6baadb86b38635b1b38dde30bb0295cfcc4ef18ee46ec038ed5f9fbc33af5bda28f2bd17a25dae72c9be6564677c70134b6d0e992eab7bacdddaddb5b4724f0b074c866585ff7853e576217cbf971bb8e99e9585fabe21c29abc57534c43539725ca7e0dd2349bbf035c5b6a16d11d522548e39446d2bb2ae016f30b900e78daa00000eb934626a2934d6c99092bdba9c47c49f072f86fc65fe8b13a69d3c8cf119d555b696f99485c818f6ed8e3b57a1ed928b4969d0c2692766511e138e68defedae7ece61763819c43852eaa5b1d48538e838ce6b1856a907ee2d4aa506bde833bed33e3d5ddadadb41af25af89f4e4b78d52df52852f080387fdf498923fbb90a8e073db35ea53af56ce35ed3ebaad7ef5a9e9d2c55938ccf55b6f10e99e1ad3a5f145978527d32faca470b702eda38515d90a324732bc8a5ba88cb63e5dc321b8ca15a962546f1709efbdd1d3192a94de96b1f07fed35f18351f89be3bb96b8d4def238461e565605df0371c1271c8c7d057d5e57815878bab26dca5d59938f2688f0d62ce7ae71c735f43142428e171deac61ca9c8a0012092e1cec52df414af6dc2cd978d83a2a445187ca5dc8fc714ae8ab346a7832e67d2f5cb69229a4b6b8c831c8a7ad4545cd1b1707667deda25fc1e32f83475bbef87571e228b4b8cd9df6a7657ccad04872c2478c0e01047cc723231cf4afce7179662a9e23dad0a968767aff00c31b558a9476bdce43c37f08a6d77e155ff8b74dbab282eec5a58e5b3b8bb31c92c6b1f98ccab81bf183903dbd307e8a8619d4a0e57d7a9e42c3295e49d8f1ebcbf79ee9add823ca3e5f3a46dabc0278e9c601a8a69c216e871b8bbe8cee53c37751da5a8bbd4a2fb563cf7b727fd503d0633c371cf4c7bd792dc2755b51b7998c9ca09696353fe11ebdd4ae443636f15e480ab3c7651a4698db81f28031d7b75392726aa18be54d4760f7e6fde2cd87c37bfbbd7602c62b7b25748e67948856d4960a4c8d8c2739e4f4c138245774546aa6a9ebf96a5c29ce4f4563f403e12685a17ecfdf0cf51d7a7bfd1922d48a4f148246905dda22828232e54f3e61f65ce48eb5ef60a11c361ed3b5ff0033d9a695286a7c83ac7ed057777ab5ecf049a7dbc12ceef1c2218bf76a5890bf73b0e2be7a556f26f959c8eac6e763a0fc2cbff105cc9e20912c4d99906a525bff00674b25daabe44023116cf3158c60121976b6fee39f9aa9824e92a8e365e4fbedea743a1151bb95ce63c1296faabdddc48c970961768d7169776c11232b2e42962f90d804638c01c1e091853a15211768fba96f7d59e6cb95fa9b82591d6db7e9d6f65a9dcc48b6b630c4ac36c8acd180880b3b1c93c2a8f9539c915e4727b0a8e5cadb6ef67d8e94f9b4b5d91fc4bf07eab035dd96a96d39d3e240d637021f992e0e49dd98c3ec2415c678f726ba9c934b963697af4ea5d4a4a10b4b53c6a1f8757de22f106a25753934454b5924b78e58de4764625027007ca72416e1791d9abd4a38854e09423ccfadba19538dbe021b5f0ff8846893c7f6296dadf4490dd19b7b0113078e321f0e0004b0e546e2c719c0e3a2538566babb6be8ce7e594773d4fe106afe26d413c656b268ef35ceb64dd5fdb25b3797b235dd1176cee44569810010492a30d53527cb47d951968f4ef63bf0f39ded63f3a7c4ace35bbd327fac691b767eb5fa3e19da8c5791d925693b9a9e17f0fc7770fda2e1776efbaa7d2b3af59c3dd89d5469292bb3aa83c236974eacd12003d062b89e264ba9d6b0ca5d0d1b8f05699244336cbc73b87150b153bee6af0d0b5ac3345d06da256952058e36271c5693ad2bee14e82b13f86fc3d05f6bad06c5601761047bf7fcab59547c9739e34d7b4e566278a745b7d2fc416b6f0811b4533212074e84574529ca51bb30a90e59e87d51f02be2debfe07f04eaba06942cdec75b47b7bf96e21791628cc7b4c8c5159f09963c0efce6b86afb494b923a27b9957938c534cf3ef13cda8693a35b3b69874c82f84925bdc313b2e54128ce80f04e4152474c106bc8e584e7a68d6e78d3e78eae574ce7746d5f4cb7f3ee6f9a241809e41b72cedc7d78e9eb9e7e95d924e5a25739a6a6ed63d1df42fb5f852cb55bd8e3b6b5bb31f90c5db7a293b558819241cfa1271c7439f9ff006f08e2feaf6bcbf04472ddddbd4f64f81ffb2f6adf10edd3c55e19b5b782c2258adc47a9b065965f2f63c9b031e032ef393bbe6ca83d2be92960a55a9b6b67dffe01e92a5cc94a2cf7ff00187c21b74d3fc25f0ab4ed52e1351bf9df57d6ee609bca45b6dcb19dc3f889660a83d4b1200271e861700e861d50e6bbbddb3ae347dc3c1bf6c7f8ad73adf8db55f0b5a6b92c1e1fd3962863b3b6951ed955635e3084fcf92c09c9e98c0c5638e8a94d5b568c6b5dfba8f14b7d4bc32b6f103e11494851977d5183371d4e1719af3feab59ebce73aa51ee7d18750d47c1fade812cd737f158424da4ad6370b6b2f95cb08e39015da8cec4118014ee2b5f2381a989a7412854e64bb3efd2e54aada56b9ceeadf0e743d73c6b0de259bf86f4abd963125a5ac8eeb70eb3943247bc49b970250492ca48c02037cb58ead52942fc96bad16eaff00360a309cff0078ba68761a8e8fa67c35d4b4ab8bdf3a08ae20bad3e26f39ed5dd383b5d9a352577646e42a39e801c37954aad4c5d28cad6bafeae692b51574b432bc7961e20d3bc396736b16724fa75cc8ad20b8843cb0421805508a46537489823077020e7bd271567282babaf3d3a1a3a72953536cb7a0d8ea3e27d4e3d49746b631d96a0b0a40f6f318124de2468b208653b8050bb5b25be624633df83c4a8cd2b7bb2f5fbbd0ba3ac6cb645df0fc768be25f1b69b7d6505dea364c6dedf40583cc79a59df03f7873c2cc62908ea36f7f9abdefaad1c3aa939bd5f4fc82508c5b4ddee74d63f1cd2cf5ad7b41bdd397c3c6c8089a6b4024760a9b1a3fde3a02d964ea012158e01183f2bf539422e2dda2deb6ba7f9d8ca75dc1d9e87e4778ff004f68bc6ba8c18209ba74c1e08c311cd7ea582b470d05d91d2e5cef99753b0d2ad45b5a4698c702b8aa4f9a573d4a4acac749a6c51b607439c0c5724a4cefa69743a28b478a68b649928473cf5acb98eb51439f424281106d55e00029f33dc7ca58f877e1230f89ef66b946489c290f8ea72720576fb4e6845238dd2e5937dcbbf1b7c0765a769505f5b44033cde6b3772d5ad29b84d6a72d55783b10fc38b79b54b8d1f4b86e21b3176ec8f34efb15bd63dddb7608ce475c13cd6589a9ecef2bec78f5a6aca1d4e87e39f85ec3c23e221a669f7d1eac91db412f9d0c8bb048eab2346a49fe12e41c9ce7a81cd78f4e6e52e66be670d58f34236e871de19f0b69874df105c5e0bdccd6db2c163b78e41bcc88ccd217e540424e53e6e40c80c73def190a4f96672c6a28a7cc6c78b7e21c9ad685a56912456856ce187f790214ddb230837ae4f3c13907f88e31d078d4b0ae78996212b7f5b98ceef4b58f78fd907e2af8f7c3de26d57fe11db1825d165b46bcd42de6056d628a288fef579c861b7048ce780474afb0c0b74d72df43bb0ae6d72bd8f685f8a7e215f83be20f8af1c51693e20f136a212de4940636d6b16560445913e74c2cafb970093d7e5c576d6af2a54bda25a9e9d4972c524783fece9fb3f5bfed1ff106f3ed32dc5ae856692cda8c9c6e0efb9615439f98ee0589200f948c74271a54956bcd9c6a319ddb3ec4b0fd843c0967636f035cde4ad146a85ca45f310319fb95dea9c52b1b2514ad63e19f107c438f56f0b2de983549a4bfba763aa6a122a432b0c0211403caf04e1b271c28edf91e1bfd9e9fd5236b2e8786f6e6ea7ab7807e25d9c5e0a4d325d3b4eb996e228ac4ea3346e5e14f343e591a4c6d5c92300000742383e956787c45154aafc5d1ff00c39d746a735a2f7ee41e28d47c4be32f12d941e22486d6c2d25177a735c5946d6f74c15834996655653b0ee21820c0f400630c2ce842f15a7e7f78567517f159d058df6b7e3ab2f0e5ddfc72dd68da95f4b6376b6b185db19904a632a30abb911540560404040f98670780aee83ad3d2f72a9d369aab7ba3d8bc2de2197c317577a6dbe8f1e9706aee24b7d2c05782e72027cbb4960e764633d06ec922be5b052cce1cd460d5a5a34eefe67a919c1696b763e75f8e1e31d47e1d6a7368be1dd32cf4dfb5a30d42f2cc2cd2cd133e157700de593824843c1e0100281f4d18734a5ed75b593edf2ec79d59f2cda868bc8f19b6f19b69b398adf6a4b248f8b897715931ea70d803d78ad1509ce4a504fe479ce4a69dcf9a7e26e977361f13dcdc2056ba984ea147055f9047b735f73819f3e13cd1eae126a714d1a3e20d562d3022005a42a36a01fad65460ea6e7b3ed3906e87e38b7b79235ba8193b1278c5693c25d5e2cda9e2acf547ac691736faa5a2cb03fca7d6bca9c1c1d99ecd3a8aa2ba1da8dd41a34625b99700f200ef446129e911cea282bb1de19f88da4fdad2332ee566da4918db5df0a138ee704f11196c771f162c4ea5e033e462e7e68cc4c8776edc463f9d0e32f68ae60e6b95b322f7c2ba469365e1d10b5f696ef2fd9ef2f67198c156196888c6700e769e7201ddce073d4f67527add77b9f3352a46526da397f1658411de5f269ba8cdac4503328bb61b0cab920b6d39c6efa9ebcd631f76a38c169d025155b480fbbd56ef4ad49d2490c178a1ad2736970658e53b76939462181c0c904a9e3ad2aae739b8ca36392516e5aa3dcfe0c7c2af0d3f80f4df1178874c82fa39357581cc7751c611828c44f93d195db2b824f3d300b7838da98ed67423eead15fabeb6ff003b1db4a1151526f5654f89906bfad69ba9ad9e952e83656e8d696b6f1c91436d6b064ef51c0c966598f3b5988ce0e6b7a3888b94235e7b5b4b6bff000484a5092beddccabf492cbc356ba1deea975ab48ad10b6845db4863b4f99a1876ef2a770218ec184c05fbcc40fadaf392a766fde7f90a751c55e5b9f7a7ec8fa6f847c21f09ed65b5b8b6b6d6ae2117dac35c318a452ecccbb95f1b50060010029c679249af5b0ee9d3a518a67541c5af74f7b86e62b889258a44922750cae8410c0f2083dc575dd167e25f84e1be3aa5ee8da56b4b3e9f70a04c1a0668662a3e52ab22860d9246e00119eb5f95e22942ada6d7bcb63e7dcafeea47a8e8ba2f87f4ad6f496d3353bd8253a6adc4cd7b7089135c0f9258d5b8c00e180c8e8bd73514d4aa4f9aa4134b55af63a2a423a3848f65f0af8a34ff0013783ee63d5347b7d4ec229fcabdd46f2e24975180499588c6a67577412943b7255be6fe218af4b119961bd8aa4e376f64effa1df8573aab96a2baee7a8e8d7b63e18f036afe1bbd8a036e92ac30432d8b937f1792764c382165047270dc2107b63a239c50780f7a3797f2feb73aa4e9d24e0f43c3bc5b671dc4e3c4a9adc7068513cb0dbdc10e6e0a79609823460d88f7bb7cde84e4fdd15f23573075e4a9c60b997e08e0bfbbccde871fe3af1ddbcfe11b88f41966d52de59d1da1b901e58e561caa9cf46e7f01db915d71a7edbdfb59df5f43175da872c766794da783fc43e25d6ade29ac9e2b79e40be55b1044699cbe0283b415072429381d0f4af51e229c62e49ede46508de766b43c43c59a53dc78cad2e251f3ac8e1ffe03edfa57d1616aff00b3bb1f5f568462e1c8b41f7f76b6c0491da2ddce4e06eec2ae9ae6d2f645356d6d765c8e6bb669627b6b4781177aca8383c74008c939cfa56deca36bf33b8e339edca6c785b575170220863048ca818c570578b5b33d3a1a9b3f102e624f2e28e01331006241c7353878b6f71d7b72dda323c27616f776735d4ba4a2a44db0b449825b3d38393f8035df514a3b48f361384a5cae27b0e996ed0f826e7c9b7dd1c52c13470ca3232245383edffd7ae78cda7cd3e8692a37765d4ec752f883ff0009d78cfc3906b5a7e9f7ba7e9566b15869938582de14318c86d801232770c9c93d7209cc4b1ae776e37b6c8f9dc652f6189f62f548b53fc0383c5f71ad4f61b342678a431a6a6d1c1f68970f2b2aa23b84531f0bb88036632c7359e19aafccdbb3fbbee364a9c1de2ac792f837e1d5a1d5f3a9dc49269f1c1224cb670892552d8552a49c291927776dbd0e715e3e6189a908bf65f174d4f27da53536cf7b3af785ac58f87bc35a4c2b67169ab722feee59e38de64c9f35dced2590038da0732654f033e2e129e32a37571126df4e96f4377cbff2ed9c2e87f1524f0f6a16916a56adf649276d4959e57636cc14f96440f989c31c120a138391c1c57a34d7b397b587bd28ec732aaf9b7397d3ee2f3c4f777dac7d87fb46eee9cee9211e5a2ceefbb8555dbd01e06d033f857b95f1908b4eabd7f0b9939b9b7291f5a782bc3faa7c2df066952eb7a3e93abd96a0c6dad2d2f85df9de6b4898ce58c51aed00974182a00cb679f6e9c154a5195682d4f428c15285cf44b7f147c3f8a08d25b9d4f4e955407b3b64b792280e398d18261957a023a802b44f0d1f77daede66bee7f31f1ccba53daeb4b1e9ba659e80f1cb1fd8eea6593129eb29230701700118dcd9c01938af869d49528aaaa16f2dce2a74209ebb92e97f0c27d3ef63d36e2f63d4ae2379aeb13c0f12bb1761b97705620855230769c9a883fad46fcbcb2b6dfe62aea4ac96c8f73d4bc3573a0f872d347d260d37fb521896f27bcbc9859dc6d896350ab1150c30c83a9666d8c4901981f16bc6b4a77ada25e96fc0f4a838c69f2d396a78cdc6abaf6b3761ed5e5bc682266b716ad20096f9c174de00db9c8e7a9e7079af5e8d1a6e1cae0d5bcce2ab3753e2d1977e1c788edbc356babe9daac475bb49e5063b792e7387dc03b315562a4285036b2e0924ee1815c788c3c26aeba3dbfccc215952f75ec703e21f33c3fe32b1bdd0f4c8123bd20ac1756fe621660c81c270bb4673c719f6cd76d2a89536e4f61b567bee7a17833c29767c2da4a5f433c5a8dacf2cb6f632c865bb98a0c4a5d027111c90158f4009c2b65baa587fdd2a916b5e9d4eba528f2a8cb767cbdf15fc3927873e296a5a6cb243288ee67c35bb6e8c8392369ee306bd5c24ad87def63e8e52ba8ea635a6931337cc0b56bed4eb8524cb53e9dfbac00ca07f11a7ed19d1ecd5b519a05aa0bf8d6150c59b96f5a89b725a9a538fbc7b2f89fc0f6b7ba643718f266f297e53d0f142f73629da5a3397d234c934eb98961b70ea4e090b96cd5a9a93b3665285b448f5f8b4655d0a2b5887993dccb1a6c51924ee040f7ab959ab239e2daa89f63dbfe0f781f4892d7c45a2f8834a8743d7f5a824b4d318c02460c238c8b7972c5c4884a4862da818312c5f80bede1a14a74ed15e47cf4ef52529cb7654fdadbe1a49e0c83449341b84b28e3d31e3ba4bcbecbde32ab461e4893fd64844aff0037dd1ea0707971d47d9fbea4946daa39ea34a9b4de87c937de2fb8f0f5c4d736e43db450a3ccb16e11aee5c60ee4c6029da011d7904900d7c8ac37b595e4efdae8f262e327dcc8d73e3a4ba8dcc9fd8f6517862caf5512ee1d3e795849c057762cc4b646ee3a00c40eb5db1cbd7336fe48e994a295eda9cd8d52e2ee296f6dd2ea68ccaa8de682c912a039cb11dcc838078c91ce41ae9545462a9c8ca9d3bc1464f53da3e1ac1af7870db49a74cd7305adaaeb533456cb3793991606c87003150ebfee9efc66b92bd1c34a5cd7bbd17f5fe674460ecdc35b1fa93f0be05bdf863e1d79ade58d6e2ce3b95b7bc612b421ff0078899c0c84c803232028cf3cd7dcd0828528c2da24762db51da64775a3e9b696096b2dcadac49009e578c3c81405dcdc7538c9aae587f295a1f9eb7fa65b6bd0cf259cd3e95716b14061be337992998b63ca8a11b4fcc9ce086fba7e615f924f1ceac63cd1776ed6fd4e4a31845bbfde76d75e3bd56d6ef48b8f1c5e45a9dc5b4434ebe866b02b3c8a14e1e5dc079654b70df2923195e589e7af2c5e26727669a5bbff002fd4759a56e7475de1fd6b41f8ab25fe8be28d46db516d2e3fb4db5e4c1558210095566ce4a852cd9ce09017eee6bccaf4f1f4a2f1142cdc6d78bd7d6cdf631a518d54f99ea8aba6ea9f0fbc21a3eb32e9daddbd9d9a21fb4c9f65967cc277705c945f318f4da78f9b039e2a96371d395b92d17d747f2dc4e29ad59f2ef8bfc6e9e20f1a447c2337d874fded6e0bb2c1953bb1bcb280b9c9e3049c73935f4118c945ca6aebc8c6aa4f58bb33d2742d192c749d2f579630baac6aa33202db5b9e4f3c8c1007d39a5184674bda416bb6ff0099c75e5ece69b3bef05787f519bc41e749776ba16bf0db2dc595ec9bd2c663237fab6f3b796dc03e496da5801805727ae9ce7ed234954b37d1dac77df992695ae792fed6bf0a869d05cf8aeef4f834ed4925b5b502d3688ee0f94e259422b10abb9542918040c81c9c149e229625d293f75ff5a1ea61ab4dcd537b23e6bb099557711c7a57b0d1f4f466ac45ab6b702c0d02b0c9ea6b6a7093d6c6b2ad15a363fc21e2582d750323d9016e9cab03939fc6b59506d6fa9947149367abdaf8f27f13e9e2dae6d92de553fbb60f9f93b03c0aca719256dce9a7520ddce8747b6105bf9857127ae2b9d5d6e69295cf55f82301d4bc69697af2a469a5137419d770f3029d9f2ff160f38f6ae6c563a581a2ebc23ccd6cbccf1b1d59528596ecfa1dcd9d8eb90eb9a9f888cf766492f85bd9c02196099d4c2c300b3162a42ed2bb80638da4d79b473aad87f67567ef3a8eee31dd3dbbb3e79a715cce5af63c1ff683f8937bf1435bb7d234b96f21b5b1b46f2a77b1626f241bb70762414463bd41c9ce5411dd7e8ebe2de29285f4b7defb1c339fb5f75ec784fc49f80fab5f7c34b7d461b099b55b499e2bedeea5e655627e58c124606083fc4bf30e319e2a389a746a7bdd0ba14d41ea783f84ce9ba55f347ad5d496302fcc92456eb7037004ae51880467191cf5e95eb5484ab5a7491a4a837357d8b1a0788ed7fb135282e6cd6eee667df6f2798e82d58b0cb05076b6546dc11c707b5555a32f76da58dfd946e9a7b1f49f82a5f11def8bf548fc33a969d26a53e9f1c337d94b3c0cad22348df302368f2c6f272086ef9af0155fab41ca10dd985a493940fb2fc37fb4fd94fa2c9e1df13cf6c7c496b07fa5dde9f3082d64c1e36127238da1b217a9c003a7d353cd54a294e3ad81d74d5ac7153fc50f0e413c91cfaf5979e8c564f3f506126e079dc0b641cf5ae57899377b11f57aaf5b1f35e9da9dfd9dd7fc24bae5f4dadcf6f6fe5c3241781bcb01b6ae6639fbad83850c48c8c8ea3e530f5a14e2e555ddbd1773292e59117c79f8dfe23f8a9e18d364d52e2699e1c42f3476e6383924e538ea700139ad5622b54a8e559dfa2db444e26a29d9c2eac773e04d2a6d7be0ee81e2fbc82cac96c3588ada09e15fb2ee8edfccfe35ea64668d4b9e4796c7a292709c2a39467b25a5cb4e52a6aa5b5f2395f8b9ae69573a9e89a3cd690c125b830caea36c5244acd85241f9b91b4b2bb7aae3a570e170f4e93a93a2ef26f54decc9bca6afca67f822eb42d26c6e2e750d0135cf10dddd79d25e5d5c33441436766c2e3cce809dfbb39e7b574d4f68ed08256f2dc709f2ddb577e67763c436fafcced6d626cc431b49243696bb615566041554180b96007ae47ad694a70a349733b7e17396ad1ab8893923acf1cdaded97c388749b3f0dc7637f0ddc77777aa99b6ed32fcb1478603e77ea5549e177639cd714e34f137b42cefbfe474d08d49c3916c8f34f8cdf0fec749f03ddb6b1ab5ca6b925ab5cadb790ca82649546cdc78652be61c8c6081d4609efc3a50ab1739b6fb58eba2950ab1527a33e54462aac39da7bfa57d22573eaa0da5a19e61f2492b6be7313cb16e95d89dfa93186baa34b4eb37b84f9e050a4fdc53826a6fd99ea52c3c648eeed619f4fb2595ac95940e0c0c0b81ee2a59955a518bd1ea763a66b124da5c6a493ce17239fc6b96a3bb39e0dc51df786f4ebeb3d012f27b99f43d26e9d9ffb59ad247490c79fddc640c33e72304803b9af8fcde50ab28d293dba799f3f9a4e6da49688f41f0341e36f14783f57bdf0d5d4bad691a45c33c3713aabdcef6e48c1f95d88dbb89c91c63ae2b86181ab529b6935cbbfa3edfa9e3439eadddf4470b6de261a478bf4bd5f59964b7456733dbbc22458dce1c92bc658381d7bfa739f5f08a3858a49a6bf5f208cfe28cb43d0355f18782f52f08eab3d9dddb5beb4ad1f94642de549260b1051db69ca4677371b7200dc4815d13c639356d8e98c29b8d99f2e78c347d1be246ab3dcdbe86b66d1a4af24d605d15f0e732329040c6f419e3a0cf26b5fafd4c2abc5dafd0ca55a6972c15ec73ba2fc0abcbcb4beb8d2b58b149a33b61b1bd7f2e4b92012ca8c414dc38e188273c76cfb31cc54925556acd69d7ba5cda185e0ef1b7883c25a99934f7b9b4914342d240c500cfde071f87e207a0aed9c294d2773476723d83e1a785aefc7d0def88354d5de0970fb61451e75c80bb4827185cf404862c49f5af36b6268e1a17d1dbb6e62e51a52f756a7a19f86f67724cd75e0869eea4f9e5967bc9048ee79666fdf0e49c93c0e6bcefed8c2f57f897ed313dbf03c8bc1de35d734bd4ee6de1b96bcbed43cc27ed52b19983a36e6dec76e1be6c8ea7711cf6f352a51a49722e589cf34e4b9a3ba3d5e296cb57f08eb7e1ef146ad67a35d0b98a2679ec97748778dcee54063b48fef7cbcff007b8aabc8eb29d9297e0ce585e5351a8cf3ef0fc316a7a5af8760d365d66ea5bb13b96794c1636ca4b4b2aaab6d0707259b2080075eba34f965cda1525384fd92d4d9b3b8d43c482d11e72f25bcb3c96cc5159c99777238c631181803a85e735e651546188e5e5b736ff230539f2b437ec8de10d6025dcbf690e248efad5b8604332b6e519230467f0e0d4d78cdd4b5376b8e2e69dd9eb7e13f1989f47b6bab0bbb6f0d693a34c6296fec514deea4f26d3e50476c0dab91b8676f1c7229e223571345427049c5ee7ad4a4dabc4c8d76d91fc3f717561a969b0dbacc20919ee95cc3e6b6ec876dad2150412fc1009041da6aa8c654e3085f5fcc72946da1e37f113c6f149aa6b5622fae3578449233dc4ecccaf3639906ee4139db8f40320e01af568e1a552d56695ce795394e718277d8f067d51a2041048ce01afa9841347d629b82b16ac3504424bfcc99a728be8691a88dfb4b737d3c4609da2190292d3746ca72fb2cefec2196dedf679e263b7ab5734e2efa1a73aea76ff0abe1ceadf137c409a2e8b089e548cdc5c4d901618c11b98e7af50001c926b1aaa71a729c2376937639ea568d38b933e8fb2f851e2fd6f531e18834e4f0a786e3b56b0935669d88be8f248648f70123140ccc3200393c1c0af85cbb0b56ac9e36ac9da7aeab6eff0071f2b56a57ab3db43aff008642eff679f195de836462d77c1da96d9defe3db1ac137019fa9c0d831b7d4272335f44f3ca195d574d4bda27dba85387b17ca9687a11f863e0df1c6a936b773a3e9f269b3cd8696f2104b4a0ed1b7770a72719039ed5e161b2cc5e6f89fad4ef470edbb2ba4ff00a6742a718bbaea7c69f1bfc4ba2df7c4fd6748d22ca66d26dad5ecec45a40bba49bcb64eaa14b46cccac7ef11e58c0e703aa850a34233719be5be8dbe86126b9ac91adf0d7c09aa78026f0678a7c457ffd8d6f748f67722e2c7cb599a662b2c773be404709912004611188ec7cacc2ac7190787a2b99eeb5edd57cf73aa946546d2660f8efc256de18f0859adb688b7eb0ea32cf6fe2cd2cfee675ccac10fef0e36ee18240fb8300f7eac257a753136755b692f76d6f999e2209c3dd8efd4e5fe1ef85ecb55d2b50d4e7d4659ef24124e903c4f2bb14c92421186c12a4ff0008018e49181e8e2711529cd4b93ddee78f693926c9f50fd9efc5f75f114685a65fc5713344979692990aa34241c4a580f909001008e7a0c9c675a75e9a49a8faf91d2b0f294ac9d99f4ad8f80fc350d95ba5f78eb599ef563559e5632e5e403e663f29ea726be6ea7d79cdb8d08357d3547aca304b5a8cf8e6e7e13dceabe38d4fc9b9d3f46df2b4c96a972ef1c71991547cec376d0189c9e70390339afaea788a35212e45a1e6539539371d9b3a8d77e15eafe128f4ad427b74d760d52fdedb4d582e8cc6fc472152c3e50086c70771c86071835cdc94aa4eeeeb97c95899d08eb26ec58f8a5f0fe0f845e1ab184ea50d96afa8a08eeeca2b82f751db3c6c4a4806142ef8d78eb87e4f4a3f7b51ba92b797fc112ab18c5cdee798457f3e856d657313a2c5200c2484be5f03a75ffeb715d12a2fd9b92576ce1e6e77b9de492ea9e20d16fb53b1d55ada499d4dcd98bd21a709192a4c632ccca01cb91d33ee6b894a72b256b7aea76c612ad0b45ab1926ceffc37e1f3ab3e9572e2f2cc450dcba3a286e77329230d9f5eb8c63835788853ace3c951249ebebd83d9d48ae57a22bff6d5f6a5e1436f2e877525c5cc6aeb2b47b15c8272c38185e4fcbd3bfd3a61829cab732774bef32942ef47a1e3dab788a2b79afad6231c97138fdf48bf304e9f283ebf4af72149b49cba1ece1b0fb4a5d0c9b7b25b880861926b7537167d128a71b3191e8d2063e5b15ec57d6ba95756d51cae83be8cded374bd51c44624122a1ed919a5ed29b1aa7511dff86bc31aadeb17bc905bc5dc272c47a66b2954845686d1a1397c4cfa07e0d789af3e1bc1abdd68f15965acda09defae45b858dd9416590f0ae0ed209cf43c74af27175ea53a2e5057e9f79cd984553a6ac749e17f8b37d6fac59cbe23f1cc97ab15a5c258be996735f476caca0f96ccdb4b3903ef00df2e4166078f1e0e5c915ccd38a767ebd2c7cef327a736a5db2d7f47d77c07a24de1ab39b53d474bb886def74d2c629274313a4addb66e127de665c10be983f110c3d6a78da92c77f0deccd94e3c8dbd0e9effc77ae9d3f46f0959d86ade1e8eeaee088457b74f2c491995576f9ae5b7281dc11fee2e2be9f0998c7109e168d5e68be9777f91cae529492833b8f1bcd2e87e1bd675bf03e8fa59f199f2ec2ef508e16699173c055284163b9073d41524b000d7890aeb11cf42565caf57aedf3ebd19deaafb25a23e4af10fc53d5f5b920b7f8865f56d1a0591e10e3760a93956652a49c9032cdd7180718af6dd1a34a9286065ef7f9fea79f2c5baafdf5a1f48fc0bd320d23c3f633b7d8aef4bf11d89b4b77b805ecee7732c9e585e0a955678f3839217a10c2a618a964caa4ebc549493b3b6ed6fe677508a9ab2d8e5bc57f082c3e1badadd4ac9a869d6934a62d2209cc50db6fdacd23c850b30383f2330f9882323701e750cd679ae12f4b469d9dd74fbbf3231549423aeafc89ec3e29e8d7fe27d0ed2033ff006d4d1ae9ec86262c5d43328cfde504eec6093c80703a7751a1539654aa54f89dd596de4fb98fb683e5b6e417df18fc43a75edc5a3e996dbe091a26df6b2839538e46eebc57b8b0942cbfccaf6923e63b2d497c197369a8dbdadbf8b985d4d17fc4dec48b228180c907e5dc70c72a72319fae71a5073518bf91c93a7050ba2a699f16ad2d3c616d7d697ba92b5ac0cb1da43222dbc337ce7f76872362b3330e33c76ce69e2695654f968b4975bdd9939c9c396fa1634512f8f2c2ff004887428f5af13dd4e9736fa84f74237791d82b44cccea1d580385eb97241ec7aa308ca11e5dc284154a7283577d0e6adb4992e2c6c6c1930d0b9453f5c7071e87fcf15c2f11cd1e5f3397d9b4f53b9b3b0974b7b6b3bbf227b48b313dd9903ac43d33e99cf4cf5fc6baa965f594d5550e6ee8d63172d20f52bfc49f8c17bab59d8d936a973a93d9716fb7115bc2a1422aa818246d03a0507be6bde8e4b4e7252abb2e88f5146725fbc6795ea1e23d5f5bd3e7b19af255824dc4c719dab93ec38ea735f430a50847960ac6b14a2f9923ce468d7163a834732153d8f661eb5e6d58f2687bf41aa9ef23a6d3edf014115e6499e92499a715a859471806a2e5a5d8ee3c376a60dabfc279c11593916a276eb208e30899e7d2a2f72ac75de16d5edfc3961a85cde0122c968e3ecd9c175c6464f60703dcfb706bd6c2da1acbaf438313155236b687a6f85b4cd0bc49a4c57963047e0dd4e2921ba4bbd173110e8010db58b29019c8231c8201af5ea65b87aaafcb67e47caca1152b9dd78a7c61fd8d3c7aafd81d64b90b16a4ba2c6b9464c93768ac1b82a70c98e38f98f53f96f1170ee33153e78c572c7addd9faa3274a2ddd6879c78ebc7560855ac755d4f51d2b5b8ee164b1960c9251006dde648af191d324724000357c9e132df67514abcf9674edf0afc2fa5c51a569a6e479bf87ff69eb5f0e5a6bf6f71a526a3a748d650c16ef33e1c44c372efe0e4c636eec0e4648c616beaaa64b0728d7a3a5ef7f3bffc114f134633b3d6c67fc7bf1bf85f50f0ae856de0e4b77d2eea3691ec63431cf6d2070cde696c962c4af39da769c74a32bc2df14dd68be68f5be8d0abfb271528ea8b7a07c7b3a3f873c29e17b3d3ad340b29a54927d3a59a6bc79e59be4f363da8cd0724388c7271c67383df5e8d4c44eac64d72af2dbe6cd635e0a0a1089df78d7f685d1bfe114bed074c9e7f135b962f757b7686d2e0dcefde15540df24782400fcf4c63008e0a7cf87a2b0f08ae56eeac92fc7b18e22b492e5dee62fc24f851a5eb76c9e27b8d45af6fe15fed28ad7cb9238f604dedbdc23206400fca011bb70270327ba29c6d18abb6dedd15ae7352a09bbbdcf49b4d3f40d4ad61bb9b5b6b69ae11657843b011b30c95c7927a138ea68752a45d944ebe6a7d7f53c32db5b49b41b3bfd074bb7bf84b49732b5f287f2e7691e3567f3326440ccc412c06e2a48e3e6a50f649c9ede9b2f3395547c9aa3c2f52f0dcda7da6bed71148b7767365a6084e242cc304e3be0e3d715d306a76574c88cae9dcebb4bb4b6b0d0f46f1058eba24408b24caaa61b88ae9247c80016c614ae0e79041e3381d987c254c4cacf48a669429c9cb9d68ae4177e32d2adae196ded67bd5572d1bcae1724f3d00e48f5c8fa75cfb5fd8f8673e76dfa1d6e8c5bbb284bab4daecbe65d997ca4190865e00f4c6315efc60a2ac8d128c55a28c2905adfdcbc8d24a9ced55d808cfd73fd29dae36916534a821544f354b3fcc4b2b0fe54f441609b4782ed0472cf0b91d0e1b2bf4f96b29d38d58d9a35a752549de2573e1768c660bdb77ee03070df96daf2a78195fddd8f6a9e3a2d5a4accbd6da63141b9e2debd4162bfcc0af3a7879c7467a31ad192ba37f4c1f6550db0caa3a9898381f966b9a546a6f6365522f4b9bd69aca98bcf489a42adb638c2e4bb7a91e83f52476cd6f4684dfbdcb733ab5631d1bb1a1a7e9d7bac4c1efc797096dff00672d9691873f31f4ef8af730f84717cf5373c7c4e31497b3a67a978635502cdfca6252de5c3a803e6474c1ff00d06bd8478ccd8b7f10dc4f67f636b968ae637314170a705641cc67f11c7d3157d2c0d75670dad6bd63e28b2be8f5ab591442e12f92d87ef2d640c3132a7478c900953c8200c818af171795e1b15efdb95f75fa932a69e89d8f30f19fc26d7f4cd32cef74c846bda0c7fbd8b50d313cc193ff003d50e4af41f7860648e6bcaab9754a52ba57479b2c338c9ca261f847c25e28f17bcf79e1f858dce932c32bcf34e96e2160cc54659874dac78cfddcd79d6861e5ccdffc384528bb4867c6d11dc6bc932dcdc5fdeca592e3537c3a3ca84ae609037cebb36039e723b6701d3b546e7d19e9b84651e68156d74d9749f0f4b1adbdd9bd0064476ea434449c17752c43718ec071d49ae692854a9ef592b7dccf3e6e2e2e5067ac7c34f1a6bfa7f8796ca7bcb901d58c36d6b231215d594a1078f995981381d7af18ae4961d53973c1ea977b2bfa1c8b113bdba1d09f1ab464a1bd3095e0c6c5c95f627cbed5e44aae32ef6fbbfe08d462d5ee73df103c3faf783ef34bb2b8f13c30787edfca5b68ed65ded047b89de90b3e58e0bb83b88f98292a4951f470f79f2cd94e156dcd7b90df78e2c6e349d4ae758b616f78d04125a9b2c22ccc63db86db824119390414cf19c801d1c04a728f2c572fe46b414aa3b23c6a7125d1da1447113f763181f97f5afb2a54a34d5a28f4ec92b22fc1a525b8f34824019ddc57524024ac23d2de43853212011e9541b0fd0b4a06c7ed737ca993b01efef495fa89893334b33ca540eca07a5005a834f6930d8da3af279a7602ead9892775da0201f2834ec5365eb7b350bccac140c007e6cfb7349c53dc6a4d6cc9add01017014ff09d833fcaa7922b6457b493ea6ff87a0592f0b4a58a22167cf7f402ad242bbea68d8c8d6b16973b6038ba76947b3741f4aa17a1d0784a7fb0eb5776acd986e972a323ef0e9d7eb4d0b42bbcd719b8b42c5276261591bb48bcc6df8f4ab07a1cff0089f529249ac3c4b691afda5e368350b6c70e470ea47b8e7f11e949db704ba12681e36bcf074e834cb874b69c096160480ca7b1f71c83f4a69f2e826ae7ad5d2683f12b47b9b3d4a28b4ed4efe1459753b7850b48c0ee5f31482186707b1f7c57162b034b16aed59f73394533e70f897e00bbf87daa01a82387b8756da8b8b49f68625e30846540c1e9c64ae060e7e5ea529e1e7eca51b2d751424e9a716f43abf057c4eb7f0bf80ee74dd2cfda3c4babfee6e92685ded5e100ecc0caaef04f560fdca95efe3d6a2e4dc52563cea95a34d376f91cc58f8926b7616ef02c2de7f9324c8c36ae581c00d81c123926bce546a39ab3d2dd4c294b9b57a1d23492bb165f0d4f3a93912fd963f9c7af0d8e7daa7eab7d5bfc4ebb3f22192229a869be2192eadef6f2d4a247a55d6c9c42627dcb94270c8783c820e48273903be356b539c614e9bfbb43a5c2ad968733f123c7fa8fc44d73ed57af1f950298ade28a248911739e1515579273c0afb5c2d1f670d773aa31e48f99876288f2c6b200a18f247d2bd28a064f76e520b8b67600804a9abbd85b956faccdd45a759a7de950311e80f7fca80b1a5a9dea855b489f65b5b8db9f523a9a6c5ab21d174a9355904b865890fca31d7de925a81d05ca456e0463049c600ed54044b06f3ec06681dc91463207cded4c0955cbb95fba73ebc0a41a1b5a1830990b1c0200518edde8034fcc0c86339da0f01b22aac059b595a358242c1761fbd4c0d3d4a3fed28fce5608d24632791861d0d3b0ce7f52205b99590159bf792c60f495387c7fbca777e1498ce69ed3cbb85b6504adb4a2484e09f91bb7d338fcea44ced7c37a9cb14f1bab7ee09280f7014e307f2ab52623d43c53e14b7f8b3f0cae34b9019f52b006ef4f74e1b7807280ff00b438e7bedf4ae5c5d2f6d4df744b5baee7c9b7f3dee876d65a8c5612a6a30cfb52f664dea5554168c8618e8c09e3907dabe3dca297258f26ad19357946c8e8f4cd420d7edd34f96d628b589d3ca3397448e7902654ed2b8059976eece0960485ea78da6e568af229d08277ea7bde97fb367c45feccb4c7856f641e4a61c6a3180df28e7ef5757d426f57451e82846caf16703f18342f0cf85f4112699a625b6a1772821659ee1da042a47c84cbb5b90e0e50e3039e6bb7ea3569631352bc1ebe9e4775555212b2774787c512c7f3608c9e2be8a28c4b96c08b955fc7278ad92b0157522ef72a14f59026dcfaf1fd698b434eeee3ecf7d737080108a2de21e98001aad8473f71af69f63771437523ec1f3cbe5ae5b1574e9ba92b5c89c9415cd5bcf8cfa6d94335969d6729683e462d85e871c633eb5e94703cd26b9b6391e2795276dcf58f869e0dd23c6fe19835a9eea649e43895372aa467b8271fe41acb1185fabc927adc29625d65748ef57e18787c41e65bb3cbce09f37200c707238c573287736f68fa11c7f0bf4410868ed2591d90b712b71c71de938c62af27640e7263f4bf861a249a818648dddd53cc748e53c0e703ebc570d0c5d0c4ca5186cbab1b728ee5b1e01f0f43791c0a2e5492a5bf79d0138c0ebcff008d7552e4acda8bd84ea35b89f113e1de97e0bd26ff00505bcb8096d1991165da439ecb9c0c64915d7470f2ad2515d48ab8954a2e525b1e3f17c42d3f7c7e6452ac4e80b747c715ebcb25aebe19267951cea83f89346b693e36d3edaf16de7ba02cae4652470415c8ae49e578b86f0b9d70cd30b53699b1a85ba2cb65759496dee4ec2c0fc8587dd3c7620e3e86bcb941c1f2cb73d48b52574cc49ed7ec97e8fb702cd8c6e460ee888257f518a92b7347448765dead603eedbcde7afae0f503f4a816d63d0bc01e2f3e1df11e98b2b7ee6e5c424e7eee4f5fc0e2ae2efa09aba3ca3e38f86351f057c5bd56eacff7a92e2f2ce37ced0a46ed981d403b940f6eb5f278cfdd57f671d3a98e2273a91491e8de1ff86b677df0eee2d7c41a6ae9b7335cc73c7a9ab450324ac80b47124b8f3028751f7c364300719cfc5e37170a33718cfde5adbb8e842c95d6fd4e0f52f8a1f1634bd46eac97c77a9c82de57843b5e8cb6d2464e4e7b77e6aa38cab34a52bddf9b32695dda473bf16fc532f88fc41e416061b553b141e32c013fd2bf534ae7af59a4ec7092af97006c1e3f4ad36392e4d71989a298312bc67daaac044c54ea96c9fc25fcc27d80cff3c516d4432f5db7ec52372e7a752c69b05ae873ff00147468f43b38d62232d0af9d20405cc8782327ea3815ef617967876bac7cb53c9af78575ab77f3d0f37d3a4fb4ea37b70a8db5a4180c79396271fa55519de527143a90f7631933e9efd9cf55034cf14e8372caa2f2c1ae2dd3049f30273c9273d8ff00c06bb7194da8c6a58e2c2d54a6e173db7e1e98d34188b15d935bc720fef6403804ff00df55e56215d9e945d9b42f893e203f873418b51b7b78ee52fcb7947385451c76ff003c57cde67869d671a6a568f531ad8d5848f35aed9c9f863e224fe26d563b1b68121bc39915107ca64e71f80183f9d789472c719daf7b9c4b329621a8c63667a38d0e1d221490333dcee25e52796391cfb57dad0a11a11e482d0ee8fc2afb9ca7ed43e2b597c35a3d843b44d74eeee0bede1178078ee4fe95ee65516eaf35af63cfcca495269b3e69b5f36eed517ca6438da4c722301d4739c1fcabec95ddb4b7a1f213e549bbdfd6e5eb0f0fddea1716d08d924cc76ab30218afa707b7a1ae6ac9d18bab2e88da8ca35a4a94559b3e83b4b48ae3c250d94a81523090a9feeb05f94fe98afcd6acdd49b9bea7e974e2a10515d0e4ee636bab0b82e3fd2a18a5b676cfdf214b293f55c1fa8358f435b0ed0ae48f124324878bab0f9b27a9080d2b92f62b789f543a74fa5f97812a4c181f439a13b0d799e8dfb4ed9fdaad7c1be21476071e548d1e77670b22638eb9df5e0e7147992a896a64e1cf17e4672f8eedb49b6b7b6f126b515b5bdce9c93d9a2dd099a4d84986360000242cecc5b03838eed8fcf70f9445625caac53bebe77f5304ea725afb1a90fc4af863a844975a8cd670ea13a892e6336a8c5653cb8c99067049e702bdc783d598d91f342e2e2695f2583124647bf15f7f1d8f6aacb9a571ac824b6754e194f2073546160b7c4f6815885da76b034d202a40775f0dc47eed08cfaff9c516258960bf69d57058b476e77b607de73d05305dcd5f1c786adf55d1e196194dd5c055b99037262756f994f6e71c7d457450a9c93d7631a90e68bee78468b6f33c17374c85504ca40c7271bb35ebe1e13e59492ea705771528c64fa1ea3f0e3c44ba078a6cf56763fba9577ae4f316d2ac3f152d5f46e11ad4e5196fd0f9ee79d1a919476ea7d27e1613e9ba7c76122965883ac72e32244dc76b0c7a87cd7cf4d736e7d15f5bc7a90ead7692fc2f6d3db499ee16d164d970edb363073b481d7a377c7435c73a6a4f547646842ac92a96679c7c1af161f056b3ac5f4f68d76e21540a5b0ca1dba8e0e7b7a562e9c6e9a47a95f0341b8fb28a4fd0f7c6f1126bda7c17b652b886e372a860172571c1ebdf3f9d772b347855294e8cb9647ce7f187c523c45e2b944131945995b5d9bb8f9548723fe05bbf2cd7b997d3f67494d6ed9f3d8d9f3d5707b25b9cbf86b568e75315c93148d9da64e338faf7e457bf87c446492968cf9ec561e707cd1d51e97f0e74b1a8dcb4e50ca6d81f2d860ed6ee7f2cfe75e36798851a4a927abfc8f5f22c3ca555d56b447aec9691585d496b6f37daa310a16c1054caaa09db8ea33903dabe06f73eeefdce12fee9b46d567942efb79301948e0f20a1fae242bf414d368bdca3a7bac5acd9956198ad1b71ee09180286b5174397f16df799ab5a47bb211c63dea3a8ac8fa6be225b2eaff02b4dbc98c51adac96f24b24a09da83287183d70d5c998c53a376af639eb24e0d33e6dbcb7d127d5cc969024cd3c6a8979749bc26d4072a3a60b6e1d338dbd0835f1d51dbe27cabf33cf8546a3c91668dbdae911c11ab687a7dd15500ced6073271f78f1dfafe35cdceff00998fdac8f3fb6e2138e2bf425b1ee4f763adc0f32e3fdd06a91991da7fc7c4e3b6c3c552199d644fdbe4fa0a6c459f0f1fdd5eb77333e4fe3486f63b3b119f0dce7b95249f5e4d0c8678b5e2856d80009e737ca3a7515f6f846fd944f96c4ff1645abdf9605dbc6659738efc1ae9a9a2bf99cd475959f63ebaf01b197c17a1b392edf64846e6e4f415e0d6fe2cbd4f6297c08d0d41443a35c88c040d1966dbc64f1c9ae77b9d9d4f01f3e44f1132ac8e159981018e08f4a1ee7b34b589efba2ffc936f0dff00d749ff00f46511f8ce0c5fc47c728ccfe20bf2c493e603927bee92bdfc2ff15fa23e5b11fc3fbcd3d38913dbb67e613b007bf515ebfda3c9b7b8cfa7be05448d6b3e514e436723afccb5f279e7fbcdbc8fa2c93fdd7e66adc8d974817e51e62f4af9c3e8ba9c66b3f33dc679c35bf5ff007daa901cf5831fed7be393911003f3352c7f64e4b50f9bc430679c49dfeb48713e98f143337ecdfac02491badc609edf688b8fd4d73633f80ce7abb1e13e1e8633e15da514a8bc83e5c71cb267f3af939c54a314d1e6e135a893f33ea4d27c23a13e9564cda2e9c58c284936b1e4fca3daa55387f2a36b23ffd9, '2016-11-07 08:09:39', '2016-11-09 04:01:17'),
(2, 2, NULL, NULL, NULL, NULL, NULL, NULL, NULL, NULL, NULL, NULL, NULL, '2016-11-07 08:13:41', '2016-11-07 08:13:41'),
(3, 3, NULL, NULL, NULL, NULL, NULL, NULL, NULL, NULL, NULL, NULL, NULL, '2016-11-09 08:47:33', '2016-11-09 08:47:33');

--
-- Indexes for dumped tables
--

--
-- Indexes for table `groups`
--
ALTER TABLE `groups`
  ADD PRIMARY KEY (`id`),
  ADD UNIQUE KEY `groups_name_unique` (`name`);

--
-- Indexes for table `migrations`
--
ALTER TABLE `migrations`
  ADD PRIMARY KEY (`id`);

--
-- Indexes for table `password_resets`
--
ALTER TABLE `password_resets`
  ADD KEY `password_resets_email_index` (`email`),
  ADD KEY `password_resets_token_index` (`token`);

--
-- Indexes for table `permission`
--
ALTER TABLE `permission`
  ADD PRIMARY KEY (`id`);

--
-- Indexes for table `profile_field`
--
ALTER TABLE `profile_field`
  ADD PRIMARY KEY (`id`),
  ADD UNIQUE KEY `profile_field_profile_id_profile_field_type_id_unique` (`profile_id`,`profile_field_type_id`),
  ADD KEY `profile_field_profile_field_type_id_foreign` (`profile_field_type_id`);

--
-- Indexes for table `profile_field_type`
--
ALTER TABLE `profile_field_type`
  ADD PRIMARY KEY (`id`);

--
-- Indexes for table `throttle`
--
ALTER TABLE `throttle`
  ADD PRIMARY KEY (`id`),
  ADD KEY `throttle_user_id_index` (`user_id`);

--
-- Indexes for table `users`
--
ALTER TABLE `users`
  ADD PRIMARY KEY (`id`),
  ADD UNIQUE KEY `users_email_unique` (`email`),
  ADD KEY `users_activation_code_index` (`activation_code`),
  ADD KEY `users_reset_password_code_index` (`reset_password_code`);

--
-- Indexes for table `users_groups`
--
ALTER TABLE `users_groups`
  ADD PRIMARY KEY (`user_id`,`group_id`);

--
-- Indexes for table `user_profile`
--
ALTER TABLE `user_profile`
  ADD PRIMARY KEY (`id`),
  ADD KEY `user_profile_user_id_foreign` (`user_id`);

--
-- AUTO_INCREMENT for dumped tables
--

--
-- AUTO_INCREMENT for table `groups`
--
ALTER TABLE `groups`
  MODIFY `id` int(10) UNSIGNED NOT NULL AUTO_INCREMENT, AUTO_INCREMENT=11;
--
-- AUTO_INCREMENT for table `migrations`
--
ALTER TABLE `migrations`
  MODIFY `id` int(10) UNSIGNED NOT NULL AUTO_INCREMENT, AUTO_INCREMENT=17;
--
-- AUTO_INCREMENT for table `permission`
--
ALTER TABLE `permission`
  MODIFY `id` int(10) UNSIGNED NOT NULL AUTO_INCREMENT, AUTO_INCREMENT=10;
--
-- AUTO_INCREMENT for table `profile_field`
--
ALTER TABLE `profile_field`
  MODIFY `id` int(10) UNSIGNED NOT NULL AUTO_INCREMENT;
--
-- AUTO_INCREMENT for table `profile_field_type`
--
ALTER TABLE `profile_field_type`
  MODIFY `id` int(10) UNSIGNED NOT NULL AUTO_INCREMENT, AUTO_INCREMENT=2;
--
-- AUTO_INCREMENT for table `throttle`
--
ALTER TABLE `throttle`
  MODIFY `id` int(10) UNSIGNED NOT NULL AUTO_INCREMENT, AUTO_INCREMENT=4;
--
-- AUTO_INCREMENT for table `users`
--
ALTER TABLE `users`
  MODIFY `id` int(10) UNSIGNED NOT NULL AUTO_INCREMENT, AUTO_INCREMENT=4;
--
-- AUTO_INCREMENT for table `user_profile`
--
ALTER TABLE `user_profile`
  MODIFY `id` int(10) UNSIGNED NOT NULL AUTO_INCREMENT, AUTO_INCREMENT=4;
--
-- Constraints for dumped tables
--

--
-- Constraints for table `profile_field`
--
ALTER TABLE `profile_field`
  ADD CONSTRAINT `profile_field_profile_field_type_id_foreign` FOREIGN KEY (`profile_field_type_id`) REFERENCES `profile_field_type` (`id`) ON DELETE CASCADE ON UPDATE CASCADE,
  ADD CONSTRAINT `profile_field_profile_id_foreign` FOREIGN KEY (`profile_id`) REFERENCES `user_profile` (`id`) ON DELETE CASCADE ON UPDATE CASCADE;

--
-- Constraints for table `user_profile`
--
ALTER TABLE `user_profile`
  ADD CONSTRAINT `user_profile_user_id_foreign` FOREIGN KEY (`user_id`) REFERENCES `users` (`id`) ON DELETE CASCADE ON UPDATE CASCADE;

/*!40101 SET CHARACTER_SET_CLIENT=@OLD_CHARACTER_SET_CLIENT */;
/*!40101 SET CHARACTER_SET_RESULTS=@OLD_CHARACTER_SET_RESULTS */;
/*!40101 SET COLLATION_CONNECTION=@OLD_COLLATION_CONNECTION */;
